accuracy,f1_score
0.8360655737704918,0.8571428571428571
