accuracy,f1_score
0.819672131147541,0.8405797101449275
