accuracy,f1_score
0.8524590163934426,0.8615384615384616
