accuracy,f1_score
0.7540983606557377,0.7692307692307693
