accuracy,f1_score
0.819672131147541,0.835820895522388
