accuracy,f1_score
0.8852459016393442,0.8888888888888888
