accuracy,f1_score
0.7213114754098361,0.746268656716418
