accuracy,f1_score
0.9180327868852459,0.927536231884058
