accuracy,f1_score
0.8688524590163934,0.8709677419354839
