accuracy,f1_score
0.8524590163934426,0.8695652173913043
