accuracy,f1_score
0.8524590163934426,0.8571428571428571
