accuracy,f1_score
0.7540983606557377,0.7619047619047619
