accuracy,f1_score
0.6721311475409836,0.6153846153846154
