accuracy,f1_score
0.8852459016393442,0.8985507246376812
