accuracy,f1_score
0.7868852459016393,0.8059701492537313
