accuracy,f1_score
0.6885245901639344,0.6885245901639344
