accuracy,f1_score
0.7704918032786885,0.8055555555555556
