accuracy,f1_score
0.7377049180327869,0.7575757575757576
