accuracy,f1_score
0.7704918032786885,0.7941176470588235
